date,city,AQI,PM2_5,PM10,NO2,SO2,O3,CO
2025-01-01,Bangalore,58,79.45,93.23,20.59,11.45,48.13,0.94
2025-01-02,Bangalore,68,95.69,111.35,16.12,9.49,46.29,0.88
2025-01-03,Bangalore,49,75.63,57.73,11.1,7.28,41.9,1.08
2025-01-04,Bangalore,44,58.38,67.75,23.86,7.95,50.54,0.64
2025-01-05,Bangalore,49,63.83,98.22,13.4,9.15,45.19,0.93
2025-01-06,Bangalore,55,62.97,133.05,17.95,6.28,56.58,0.69
2025-01-07,Bangalore,49,75.13,56.81,12.69,8.79,55.91,1.04
2025-01-08,Bangalore,51,70.27,89.98,12.09,6.96,46.31,1.26
2025-01-09,Bangalore,52,77.15,60.74,19.3,7.63,44.58,1.15
2025-01-10,Bangalore,64,87.46,114.63,14.64,7.78,52.65,1.24
2025-01-11,Bangalore,49,64.81,92.29,13.57,6.01,56.5,1.34
2025-01-12,Bangalore,57,70.92,116.07,19.45,7.11,52.89,1.38
2025-01-13,Bangalore,56,71.46,127.29,7.52,10.04,50.7,0.93
2025-01-14,Bangalore,49,73.38,56.25,17.12,9.11,61.82,0.87
2025-01-15,Bangalore,47,59.87,85.96,21.66,9.06,45.76,1.13
2025-01-16,Bangalore,57,73.46,115.37,15.19,7.74,46.86,0.63
2025-01-17,Bangalore,57,76.44,101.22,18.02,7.93,38.68,0.89
2025-01-18,Bangalore,49,66.86,79.95,17.35,9.21,65.09,1.04
2025-01-19,Bangalore,54,75.86,94.51,10.32,8.35,50.48,1.62
2025-01-20,Bangalore,53,69.11,102.03,17.86,6.06,59.14,1.19
2025-01-21,Bangalore,58,83.87,77.81,23.61,5.6,54.69,1.55
2025-01-22,Bangalore,45,57.14,84.67,18.4,7.39,37.59,1.02
2025-01-23,Bangalore,47,56.07,105.47,14.32,11.5,43.73,0.92
2025-01-24,Bangalore,57,84.2,71.38,18.91,11.01,37.14,1.05
2025-01-25,Bangalore,57,75.9,111.64,13.05,5.76,54.18,1.07
2025-01-26,Bangalore,56,75.76,102.93,15.28,8.86,52.34,0.82
2025-01-27,Bangalore,68,99.99,105.48,13.23,9.71,42.2,1.2
2025-01-28,Bangalore,61,89.38,79.59,21.85,9.23,56.58,1.47
2025-01-29,Bangalore,49,68.32,80.93,14.44,6.77,49.38,1.09
2025-01-30,Bangalore,59,76.15,112.54,18.05,11.31,47.88,1.68
2025-01-31,Bangalore,55,81.39,78.86,13.72,9.36,48.21,1.18
2025-02-01,Bangalore,57,79.1,94.54,14.61,5.37,46.43,1.21
2025-02-02,Bangalore,52,75.21,71.09,18.69,9.17,42.93,1.04
2025-02-03,Bangalore,51,72.87,73.14,19.43,9.52,58.66,1.26
2025-02-04,Bangalore,41,51.33,77.24,20.06,9.43,54.12,1.96
2025-02-05,Bangalore,62,80.56,118.71,21.82,9.7,47.48,1.19
2025-02-06,Bangalore,47,60.41,91.26,16.06,8.56,68.52,0.53
2025-02-07,Bangalore,54,82.29,63.75,16.11,10.58,50.51,0.73
2025-02-08,Bangalore,50,61.27,109.59,15.08,8.83,50.36,0.84
2025-02-09,Bangalore,70,104.16,108.68,9.9,8.77,44.71,1.21
2025-02-10,Bangalore,48,60.11,93.71,20.02,10.13,40.4,0.92
2025-02-11,Bangalore,50,64.88,82.93,25.06,9.21,39.91,1.23
2025-02-12,Bangalore,72,103.83,116.65,11.92,7.43,60.14,0.82
2025-02-13,Bangalore,59,78.66,111.49,14.29,8.28,24.07,0.74
2025-02-14,Bangalore,50,68.21,71.04,24.53,5.54,46.48,1.03
2025-02-15,Bangalore,61,93.62,67.28,22.65,8.42,42.15,1.12
2025-02-16,Bangalore,54,74.99,84.0,18.28,7.63,50.91,1.17
2025-02-17,Bangalore,64,95.79,71.24,26.53,4.5,48.79,1.15
2025-02-18,Bangalore,54,76.21,83.55,17.17,7.41,45.29,1.21
2025-02-19,Bangalore,55,77.36,82.14,21.6,9.01,56.5,1.16
2025-02-20,Bangalore,47,59.57,84.8,20.99,9.62,49.83,1.03
2025-02-21,Bangalore,62,91.16,84.17,20.19,8.0,48.26,1.27
2025-02-22,Bangalore,64,84.38,112.27,23.22,8.44,55.46,0.92
2025-02-23,Bangalore,56,76.86,93.4,18.39,9.59,43.45,1.52
2025-02-24,Bangalore,44,56.91,71.72,22.63,9.98,54.99,1.16
2025-02-25,Bangalore,51,71.82,78.05,18.3,7.05,57.8,0.96
2025-02-26,Bangalore,47,59.62,89.57,19.65,7.27,43.42,1.06
2025-02-27,Bangalore,54,75.67,85.86,16.12,8.86,38.42,0.65
2025-02-28,Bangalore,48,61.22,91.73,19.24,11.35,56.86,0.96
2025-03-01,Bangalore,51,71.71,75.95,17.93,7.82,52.58,0.79
2025-03-02,Bangalore,62,79.79,126.65,17.56,9.2,55.52,0.9
2025-03-03,Bangalore,56,75.36,96.25,18.39,6.85,50.2,1.12
2025-03-04,Bangalore,69,93.77,115.19,26.61,6.87,56.98,1.05
2025-03-05,Bangalore,67,104.85,79.83,14.64,7.2,33.01,0.87
2025-03-06,Bangalore,49,60.61,99.01,19.37,12.15,57.6,0.86
2025-03-07,Bangalore,48,58.52,105.84,12.72,12.06,59.44,0.88
2025-03-08,Bangalore,45,46.3,123.08,17.54,10.88,37.24,0.85
2025-03-09,Bangalore,54,72.08,96.94,16.2,9.65,41.46,0.96
2025-03-10,Bangalore,57,73.8,106.29,20.85,6.15,37.73,1.32
2025-03-11,Bangalore,55,76.98,81.03,24.2,8.63,59.43,1.02
2025-03-12,Bangalore,75,102.91,131.11,17.0,10.34,55.16,1.34
2025-03-13,Bangalore,50,57.53,109.72,22.23,4.88,40.53,0.49
2025-03-14,Bangalore,55,67.96,110.35,24.01,8.55,63.03,0.65
2025-03-15,Bangalore,41,46.45,94.89,19.54,8.33,33.46,0.98
2025-03-16,Bangalore,47,52.43,109.39,19.47,6.52,45.89,0.74
2025-03-17,Bangalore,56,71.06,115.1,14.06,9.41,45.76,0.8
2025-03-18,Bangalore,50,70.39,75.3,15.79,6.0,65.72,1.01
2025-03-19,Bangalore,49,61.5,100.28,17.55,7.96,54.91,1.19
2025-03-20,Bangalore,48,64.04,84.48,16.9,3.8,37.88,1.34
2025-03-21,Bangalore,66,96.67,91.02,20.31,9.02,74.63,1.28
2025-03-22,Bangalore,49,70.08,76.89,11.57,8.81,43.95,0.64
2025-03-23,Bangalore,47,62.3,74.37,24.75,10.16,49.94,1.37
2025-03-24,Bangalore,53,73.16,78.77,24.09,9.48,41.7,0.95
2025-03-25,Bangalore,44,58.87,68.34,21.7,12.22,38.81,1.14
2025-03-26,Bangalore,47,62.24,86.26,15.63,6.67,50.39,0.79
2025-03-27,Bangalore,56,76.06,95.0,17.04,6.58,45.39,1.19
2025-03-28,Bangalore,55,79.51,76.45,18.4,9.9,36.64,1.14
2025-03-29,Bangalore,50,62.06,107.41,14.95,4.79,36.98,1.01
2025-03-30,Bangalore,54,75.9,77.91,20.55,5.08,49.47,0.7
2025-03-31,Bangalore,49,62.22,96.95,14.56,7.63,58.05,0.86
2025-04-01,Bangalore,57,84.54,73.41,20.12,11.28,30.23,0.8
2025-04-02,Bangalore,58,80.66,91.94,19.48,7.19,50.69,0.96
2025-04-03,Bangalore,64,89.52,101.09,19.35,7.58,46.1,0.89
2025-04-04,Bangalore,56,77.92,87.58,19.16,12.55,56.97,0.92
2025-04-05,Bangalore,60,90.02,87.84,9.85,6.38,35.03,0.91
2025-04-06,Bangalore,59,72.28,129.53,19.31,7.96,56.64,0.45
2025-04-07,Bangalore,57,75.53,111.42,12.09,10.69,52.71,0.9
2025-04-08,Bangalore,66,81.49,141.41,18.73,8.9,46.33,0.79
2025-04-09,Bangalore,58,84.46,78.88,18.29,7.44,53.83,1.08
2025-04-10,Bangalore,60,87.56,85.8,16.92,6.44,46.45,1.09
2025-04-11,Bangalore,58,83.35,77.56,21.48,11.11,53.31,1.47
2025-04-12,Bangalore,43,60.39,71.11,10.89,11.39,55.23,0.99
2025-04-13,Bangalore,55,76.2,73.49,27.78,8.66,50.88,1.18
2025-04-14,Bangalore,58,79.22,100.48,14.84,9.34,65.06,1.34
2025-04-15,Bangalore,64,95.9,85.78,14.04,8.15,50.45,1.27
2025-04-16,Bangalore,46,46.61,126.59,17.37,7.55,41.9,0.59
2025-04-17,Bangalore,59,84.35,97.47,12.84,5.81,47.31,1.42
2025-04-18,Bangalore,47,68.11,65.94,17.02,7.85,28.42,0.99
2025-04-19,Bangalore,56,68.54,109.92,25.4,10.65,47.85,0.72
2025-04-20,Bangalore,73,110.6,97.18,18.06,8.35,51.58,0.96
2025-04-21,Bangalore,48,63.4,85.06,17.87,7.31,44.3,1.03
2025-04-22,Bangalore,54,68.18,126.08,7.4,10.58,59.97,0.48
2025-04-23,Bangalore,49,66.86,88.57,12.37,6.84,41.12,1.44
2025-04-24,Bangalore,65,86.04,121.43,20.89,6.14,45.8,1.12
2025-04-25,Bangalore,47,53.67,110.26,17.04,7.65,55.69,1.11
2025-04-26,Bangalore,54,66.59,119.19,13.68,9.63,54.74,0.92
2025-04-27,Bangalore,53,76.89,70.98,21.7,8.03,45.82,1.26
2025-04-28,Bangalore,43,61.43,67.83,11.77,9.61,39.76,1.44
2025-04-29,Bangalore,44,40.77,129.93,18.84,8.21,45.64,1.1
2025-04-30,Bangalore,57,71.44,118.07,18.46,8.7,47.09,0.99
2025-05-01,Bangalore,50,76.62,61.8,12.61,9.89,51.37,0.95
2025-05-02,Bangalore,55,72.28,102.95,15.84,6.84,51.57,0.76
2025-05-03,Bangalore,53,78.12,61.95,22.12,9.35,52.05,1.25
2025-05-04,Bangalore,68,96.98,116.29,10.64,5.84,45.0,1.01
2025-05-05,Bangalore,56,79.76,81.49,18.75,6.89,45.11,0.65
2025-05-06,Bangalore,42,58.15,68.97,14.1,10.51,42.4,1.66
2025-05-07,Bangalore,58,79.4,99.7,14.57,9.8,45.39,1.03
2025-05-08,Bangalore,74,110.4,94.08,22.6,6.99,49.72,1.44
2025-05-09,Bangalore,55,62.6,132.25,20.83,7.28,55.06,1.24
2025-05-10,Bangalore,53,81.33,64.6,15.09,7.9,49.4,1.16
2025-05-11,Bangalore,52,74.67,69.29,19.52,9.62,54.48,1.27
2025-05-12,Bangalore,62,84.51,105.18,17.72,5.08,53.44,1.05
2025-05-13,Bangalore,51,76.07,70.47,13.68,10.51,49.68,1.17
2025-05-14,Bangalore,55,72.42,96.6,21.75,7.37,50.77,0.88
2025-05-15,Bangalore,50,65.48,89.82,18.89,7.44,60.05,0.78
2025-05-16,Bangalore,52,69.2,87.21,23.79,8.79,58.25,0.63
2025-05-17,Bangalore,59,76.01,113.79,18.33,10.53,45.86,1.35
2025-05-18,Bangalore,70,106.48,88.74,16.22,11.31,62.64,0.87
2025-05-19,Bangalore,49,65.7,90.36,12.62,6.56,41.97,0.81
2025-05-20,Bangalore,56,71.48,100.68,24.2,6.4,57.87,0.95
2025-05-21,Bangalore,55,71.26,109.5,13.51,9.16,51.33,1.12
2025-05-22,Bangalore,63,76.34,145.11,15.45,7.34,45.01,0.86
2025-05-23,Bangalore,54,62.44,119.78,23.68,7.26,43.34,1.12
2025-05-24,Bangalore,52,63.72,108.66,18.81,5.37,62.38,1.45
2025-05-25,Bangalore,48,62.81,88.25,19.14,9.07,55.27,1.5
2025-05-26,Bangalore,49,69.35,80.03,12.48,6.94,49.73,1.45
2025-05-27,Bangalore,51,64.24,100.48,17.93,10.78,70.22,0.87
2025-05-28,Bangalore,54,64.66,116.88,20.73,12.09,54.67,0.91
2025-05-29,Bangalore,62,80.86,118.17,21.28,9.41,58.53,1.29
2025-05-30,Bangalore,66,92.73,108.97,17.33,8.69,59.65,0.8
2025-05-31,Bangalore,56,77.53,88.13,18.11,10.96,51.53,1.01
2025-06-01,Bangalore,47,51.6,110.93,20.58,12.73,47.54,1.05
2025-06-02,Bangalore,61,75.74,127.55,17.62,8.96,54.86,1.05
2025-06-03,Bangalore,52,65.3,99.88,22.29,6.35,51.06,0.82
2025-06-04,Bangalore,58,89.93,65.54,15.76,9.15,62.52,0.98
2025-06-05,Bangalore,54,63.67,133.62,12.21,4.0,53.52,0.87
2025-06-06,Bangalore,49,56.68,110.17,18.98,7.27,39.76,1.22
2025-06-07,Bangalore,60,81.75,94.02,25.39,6.26,37.8,0.83
2025-06-08,Bangalore,54,71.32,100.87,17.04,9.1,39.99,1.36
2025-06-09,Bangalore,57,70.77,118.35,19.37,9.31,54.56,1.11
2025-06-10,Bangalore,63,81.64,122.58,18.79,9.82,49.28,1.36
2025-06-11,Bangalore,54,61.85,132.02,17.84,5.54,51.02,0.83
2025-06-12,Bangalore,58,84.61,82.95,16.22,4.62,46.38,0.39
2025-06-13,Bangalore,45,48.24,111.21,21.14,9.25,42.26,0.99
2025-06-14,Bangalore,52,71.95,72.83,24.01,10.15,48.23,1.01
2025-06-15,Bangalore,49,75.13,55.17,17.01,7.04,41.99,0.93
2025-06-16,Bangalore,69,98.97,108.82,15.72,9.55,61.19,1.23
2025-06-17,Bangalore,53,72.89,83.06,20.79,9.19,57.16,1.16
2025-06-18,Bangalore,61,87.74,85.3,23.27,8.8,66.6,0.83
2025-06-19,Bangalore,67,98.04,99.96,15.39,7.43,47.44,1.11
2025-06-20,Bangalore,56,79.84,84.53,17.9,12.68,63.82,1.11
2025-06-21,Bangalore,55,72.57,98.4,20.45,6.35,47.94,0.58
2025-06-22,Bangalore,59,77.99,108.94,16.07,11.55,40.19,0.63
2025-06-23,Bangalore,60,75.37,116.94,24.74,7.48,58.63,0.99
2025-06-24,Bangalore,56,69.41,113.67,20.61,5.25,61.81,1.35
2025-06-25,Bangalore,51,62.62,103.92,19.98,8.92,45.6,0.83
2025-06-26,Bangalore,58,71.62,119.45,20.17,7.66,56.17,0.29
2025-06-27,Bangalore,57,89.23,61.21,16.55,6.16,39.64,1.29
2025-06-28,Bangalore,51,64.98,102.93,17.81,9.35,50.61,0.68
2025-06-29,Bangalore,59,86.94,86.12,11.77,7.54,62.01,1.21
2025-01-01,Delhi,109,144.77,193.01,36.21,21.65,53.06,1.11
2025-01-02,Delhi,121,165.45,204.78,36.46,17.11,49.43,0.99
2025-01-03,Delhi,119,160.91,201.04,40.43,17.34,50.63,0.5
2025-01-04,Delhi,121,163.74,206.93,41.49,11.71,66.71,0.97
2025-01-05,Delhi,118,166.62,179.2,39.95,15.39,45.01,1.48
2025-01-06,Delhi,112,147.14,204.35,40.98,18.49,51.2,1.09
2025-01-07,Delhi,131,186.05,198.85,38.3,19.6,58.84,1.3
2025-01-08,Delhi,115,159.58,177.14,44.03,15.21,52.42,0.81
2025-01-09,Delhi,113,149.04,206.58,38.79,18.34,62.91,1.11
2025-01-10,Delhi,115,146.34,219.28,42.26,15.04,54.78,1.18
2025-01-11,Delhi,114,145.54,227.51,36.9,17.75,48.62,1.0
2025-01-12,Delhi,101,133.56,171.2,43.88,15.81,42.07,0.46
2025-01-13,Delhi,105,140.42,173.54,44.07,19.52,44.49,1.56
2025-01-14,Delhi,117,164.73,193.5,27.5,22.08,38.88,0.59
2025-01-15,Delhi,129,165.34,248.8,43.04,18.63,54.76,1.21
2025-01-16,Delhi,119,161.38,205.62,37.92,17.37,43.97,0.93
2025-01-17,Delhi,99,124.61,198.03,33.55,15.29,51.44,1.35
2025-01-18,Delhi,114,163.77,168.59,33.54,19.38,42.14,0.94
2025-01-19,Delhi,114,158.25,180.63,37.92,14.83,45.19,1.08
2025-01-20,Delhi,102,126.11,208.81,37.42,18.6,51.79,1.34
2025-01-21,Delhi,112,151.88,191.41,37.99,18.59,50.39,1.01
2025-01-22,Delhi,104,139.47,186.74,31.89,21.0,40.05,0.83
2025-01-23,Delhi,110,139.22,217.9,36.32,20.0,44.61,1.07
2025-01-24,Delhi,112,137.47,242.9,32.75,18.12,55.07,1.1
2025-01-25,Delhi,111,147.22,197.4,37.68,17.21,57.71,1.55
2025-01-26,Delhi,104,141.64,172.6,37.15,22.66,43.57,1.41
2025-01-27,Delhi,124,175.17,188.93,39.78,20.76,46.97,0.95
2025-01-28,Delhi,105,141.27,179.7,34.9,15.05,50.27,0.81
2025-01-29,Delhi,110,153.51,168.88,38.82,19.17,34.05,1.09
2025-01-30,Delhi,119,168.42,175.81,44.19,18.34,44.36,0.99
2025-01-31,Delhi,117,158.37,201.52,39.66,15.66,51.35,0.65
2025-02-01,Delhi,108,148.33,181.92,34.56,19.97,58.73,1.15
2025-02-02,Delhi,104,133.62,193.67,42.35,17.78,68.55,1.1
2025-02-03,Delhi,113,152.88,193.82,38.03,17.2,55.66,1.24
2025-02-04,Delhi,101,138.21,173.38,30.16,18.52,41.17,0.46
2025-02-05,Delhi,123,155.83,249.86,37.48,19.18,50.65,0.98
2025-02-06,Delhi,119,163.79,194.19,38.57,18.14,44.66,1.25
2025-02-07,Delhi,109,147.38,184.89,39.65,15.7,50.23,1.0
2025-02-08,Delhi,122,166.29,209.49,37.4,19.14,61.12,1.14
2025-02-09,Delhi,108,150.16,173.76,33.24,16.89,45.12,0.95
2025-02-10,Delhi,114,150.85,210.59,37.22,18.47,50.52,0.51
2025-02-11,Delhi,104,135.91,197.12,32.66,18.7,62.25,1.3
2025-02-12,Delhi,115,146.8,229.81,38.09,16.83,45.09,0.92
2025-02-13,Delhi,110,144.18,203.41,38.14,17.51,53.5,1.3
2025-02-14,Delhi,113,164.24,170.3,27.28,19.37,39.06,0.94
2025-02-15,Delhi,99,132.45,163.96,39.67,19.02,45.39,0.35
2025-02-16,Delhi,108,141.81,207.84,31.58,17.87,49.88,1.14
2025-02-17,Delhi,111,151.79,180.54,42.29,17.18,49.78,0.77
2025-02-18,Delhi,106,143.35,182.3,36.81,20.92,39.02,0.6
2025-02-19,Delhi,122,172.07,195.81,34.82,19.58,45.16,1.46
2025-02-20,Delhi,118,160.17,190.24,46.13,16.29,55.94,1.07
2025-02-21,Delhi,127,169.53,231.23,37.63,15.99,53.68,0.83
2025-02-22,Delhi,128,180.2,202.73,36.04,17.87,39.22,0.76
2025-02-23,Delhi,119,168.01,186.86,33.31,18.57,59.49,1.18
2025-02-24,Delhi,117,164.94,184.86,31.81,20.5,47.42,0.94
2025-02-25,Delhi,124,169.92,211.12,39.32,21.83,44.85,1.23
2025-02-26,Delhi,115,150.86,205.37,43.61,18.52,54.31,1.27
2025-02-27,Delhi,106,144.53,183.22,33.32,13.57,66.45,0.72
2025-02-28,Delhi,110,146.68,194.46,38.73,19.13,56.88,0.85
2025-03-01,Delhi,112,147.49,205.65,36.51,20.71,53.93,1.18
2025-03-02,Delhi,121,159.94,223.47,38.22,14.91,53.2,0.84
2025-03-03,Delhi,111,142.07,211.73,42.45,17.54,52.47,1.43
2025-03-04,Delhi,123,153.61,252.03,39.76,13.98,56.03,1.1
2025-03-05,Delhi,124,169.35,213.46,36.95,15.05,48.33,0.79
2025-03-06,Delhi,111,141.29,211.77,44.18,18.29,40.43,1.11
2025-03-07,Delhi,120,167.95,187.8,36.96,17.53,43.72,1.16
2025-03-08,Delhi,112,148.19,208.39,33.95,16.63,55.78,0.91
2025-03-09,Delhi,124,175.9,192.01,38.4,19.37,38.65,0.56
2025-03-10,Delhi,104,127.12,225.25,35.29,22.62,45.49,1.05
2025-03-11,Delhi,132,173.13,240.12,45.75,19.92,58.19,1.15
2025-03-12,Delhi,116,161.68,188.98,34.23,17.49,48.64,0.89
2025-03-13,Delhi,121,160.45,219.11,37.85,20.46,40.87,0.95
2025-03-14,Delhi,101,139.25,162.67,37.17,17.26,62.11,1.16
2025-03-15,Delhi,111,134.64,237.08,42.38,18.66,48.19,0.76
2025-03-16,Delhi,114,144.42,221.77,45.04,20.59,46.09,0.72
2025-03-17,Delhi,109,152.11,164.63,38.79,17.2,46.27,0.6
2025-03-18,Delhi,114,157.7,189.35,32.82,11.76,49.78,1.44
2025-03-19,Delhi,123,174.92,190.86,35.09,18.44,42.01,1.08
2025-03-20,Delhi,122,161.49,224.54,37.1,17.09,42.98,0.79
2025-03-21,Delhi,113,146.6,207.35,41.15,15.89,61.94,0.93
2025-03-22,Delhi,108,149.68,185.06,27.8,19.27,55.89,0.93
2025-03-23,Delhi,113,151.0,210.32,31.25,16.44,56.35,0.69
2025-03-24,Delhi,111,154.4,172.87,39.37,17.43,37.08,1.29
2025-03-25,Delhi,105,138.98,183.79,38.3,19.8,41.87,1.02
2025-03-26,Delhi,118,156.43,213.86,38.21,16.77,43.38,1.02
2025-03-27,Delhi,96,133.92,141.57,39.25,19.31,31.1,0.75
2025-03-28,Delhi,123,159.29,241.15,37.58,16.04,48.54,1.34
2025-03-29,Delhi,105,140.31,184.02,35.57,15.59,50.98,1.41
2025-03-30,Delhi,114,154.85,194.95,36.33,14.37,57.06,0.98
2025-03-31,Delhi,121,147.29,263.86,38.7,16.0,46.59,1.29
2025-04-01,Delhi,110,151.7,171.23,41.18,16.16,64.99,1.27
2025-04-02,Delhi,113,143.29,225.62,37.77,19.21,53.88,0.79
2025-04-03,Delhi,110,140.35,220.6,36.16,16.69,42.36,1.11
2025-04-04,Delhi,125,180.94,178.65,37.6,20.32,49.36,1.11
2025-04-05,Delhi,106,134.06,208.57,36.75,19.47,59.5,1.65
2025-04-06,Delhi,118,158.69,206.52,38.28,16.79,52.71,0.93
2025-04-07,Delhi,117,152.53,226.35,33.47,19.78,60.54,0.97
2025-04-08,Delhi,96,118.17,187.84,42.69,17.45,42.01,0.87
2025-04-09,Delhi,120,162.61,210.93,36.54,16.77,46.87,0.77
2025-04-10,Delhi,125,174.23,193.55,42.37,20.54,57.99,0.89
2025-04-11,Delhi,115,156.06,199.52,33.89,18.15,40.57,1.3
2025-04-12,Delhi,110,143.03,204.02,38.63,16.98,54.69,0.88
2025-04-13,Delhi,115,163.07,173.08,38.01,21.38,42.0,0.83
2025-04-14,Delhi,117,157.71,203.59,38.9,18.48,55.08,1.28
2025-04-15,Delhi,115,156.15,195.17,40.19,21.3,48.94,0.76
2025-04-16,Delhi,119,166.61,197.59,28.81,19.19,45.72,0.98
2025-04-17,Delhi,116,154.98,203.81,40.34,16.63,54.1,0.94
2025-04-18,Delhi,119,161.08,212.31,33.76,19.67,45.71,1.2
2025-04-19,Delhi,121,155.51,236.76,36.61,16.8,49.84,0.92
2025-04-20,Delhi,113,162.0,167.67,33.29,15.36,57.6,1.43
2025-04-21,Delhi,111,148.43,196.62,37.78,19.82,42.58,1.06
2025-04-22,Delhi,121,164.63,210.02,38.26,19.5,28.37,1.17
2025-04-23,Delhi,103,140.19,163.39,39.54,20.25,48.9,1.24
2025-04-24,Delhi,130,174.18,226.3,44.06,18.98,50.6,0.6
2025-04-25,Delhi,110,146.31,183.14,46.18,17.15,50.99,1.14
2025-04-26,Delhi,117,150.65,233.9,35.01,17.89,44.06,0.67
2025-04-27,Delhi,107,140.82,199.26,35.78,16.12,38.75,0.98
2025-04-28,Delhi,104,127.43,215.2,37.83,14.58,47.53,0.81
2025-04-29,Delhi,117,154.79,226.81,30.0,17.73,48.72,1.17
2025-04-30,Delhi,112,153.2,184.96,36.22,15.91,58.61,1.01
2025-05-01,Delhi,126,178.52,198.79,34.67,14.47,35.57,0.6
2025-05-02,Delhi,115,154.01,210.17,31.18,19.29,46.14,1.04
2025-05-03,Delhi,127,174.18,217.94,36.43,15.72,32.79,0.82
2025-05-04,Delhi,108,146.83,180.26,36.97,17.65,48.2,0.84
2025-05-05,Delhi,114,152.53,208.84,33.14,20.32,49.21,1.0
2025-05-06,Delhi,119,160.62,204.66,41.31,18.07,45.1,1.09
2025-05-07,Delhi,104,132.84,202.17,37.37,17.08,48.97,0.53
2025-05-08,Delhi,109,141.77,201.86,38.14,15.44,60.13,0.78
2025-05-09,Delhi,121,164.54,208.54,34.92,21.05,40.45,1.23
2025-05-10,Delhi,119,165.01,186.59,43.07,17.0,52.31,1.07
2025-05-11,Delhi,115,147.99,216.22,40.67,14.0,60.43,0.58
2025-05-12,Delhi,123,165.49,222.53,33.14,16.68,41.15,0.95
2025-05-13,Delhi,114,145.38,215.59,42.74,20.29,45.5,0.95
2025-05-14,Delhi,98,124.75,183.88,41.36,20.73,40.13,0.85
2025-05-15,Delhi,112,149.6,205.6,34.26,18.35,46.21,1.0
2025-05-16,Delhi,116,158.19,200.13,35.75,17.28,49.29,0.91
2025-05-17,Delhi,116,146.12,231.97,39.74,16.91,55.58,0.92
2025-05-18,Delhi,122,167.6,207.39,37.07,18.4,37.43,0.72
2025-05-19,Delhi,105,132.09,202.86,44.43,21.96,55.1,1.13
2025-05-20,Delhi,97,122.98,189.15,34.35,16.26,48.65,0.88
2025-05-21,Delhi,99,120.31,214.96,33.21,17.98,66.59,0.77
2025-05-22,Delhi,94,112.05,194.28,41.9,21.42,40.16,1.12
2025-05-23,Delhi,111,143.02,197.88,48.08,14.49,52.03,1.12
2025-05-24,Delhi,121,166.29,201.96,38.73,16.72,52.15,0.91
2025-05-25,Delhi,116,159.32,192.61,39.01,17.44,59.01,0.99
2025-05-26,Delhi,102,123.4,225.24,33.88,16.19,45.23,1.34
2025-05-27,Delhi,107,117.96,262.75,41.72,17.95,49.56,1.07
2025-05-28,Delhi,119,157.82,212.9,39.72,17.68,48.42,0.96
2025-05-29,Delhi,115,147.08,222.68,39.87,11.62,55.25,1.05
2025-05-30,Delhi,112,149.72,192.23,42.0,19.4,43.82,1.1
2025-05-31,Delhi,101,135.43,172.41,34.99,19.22,57.63,1.13
2025-06-01,Delhi,119,160.88,210.32,34.93,18.36,56.4,1.19
2025-06-02,Delhi,124,167.83,214.17,38.91,19.64,49.79,0.78
2025-06-03,Delhi,109,147.55,185.1,34.8,17.21,43.66,0.92
2025-06-04,Delhi,99,121.6,204.27,37.5,15.87,55.27,1.23
2025-06-05,Delhi,98,125.89,184.75,34.42,15.62,56.64,0.95
2025-06-06,Delhi,105,146.03,159.92,40.04,15.02,50.48,1.07
2025-06-07,Delhi,116,170.41,173.82,25.42,17.87,64.4,1.31
2025-06-08,Delhi,113,153.14,190.17,40.73,15.55,53.81,1.13
2025-06-09,Delhi,129,165.9,255.19,39.07,16.48,49.8,0.56
2025-06-10,Delhi,106,139.58,191.81,35.4,17.8,43.42,1.28
2025-06-11,Delhi,112,150.0,199.81,36.19,17.81,56.6,0.78
2025-06-12,Delhi,106,140.13,193.93,32.12,15.86,46.19,1.22
2025-06-13,Delhi,116,153.94,203.87,40.9,17.23,53.12,0.97
2025-06-14,Delhi,111,153.98,188.34,27.74,17.23,61.38,1.23
2025-06-15,Delhi,124,164.48,224.72,37.85,17.89,45.06,0.92
2025-06-16,Delhi,121,159.24,224.08,36.94,16.6,50.0,1.15
2025-06-17,Delhi,94,128.34,154.08,35.3,15.06,45.93,0.96
2025-06-18,Delhi,114,143.2,229.05,38.81,18.1,54.98,0.72
2025-06-19,Delhi,121,165.59,198.48,40.18,15.36,37.57,1.2
2025-06-20,Delhi,112,155.65,181.96,34.02,19.75,40.48,1.41
2025-06-21,Delhi,107,136.49,212.77,36.19,18.71,45.65,0.96
2025-06-22,Delhi,110,150.61,179.96,40.46,16.47,48.17,0.75
2025-06-23,Delhi,95,111.56,196.18,47.15,19.07,49.85,0.93
2025-06-24,Delhi,113,150.34,210.94,32.78,19.73,55.72,1.18
2025-06-25,Delhi,116,156.58,200.39,40.19,18.68,47.17,0.86
2025-06-26,Delhi,117,151.53,230.98,32.54,14.56,51.32,1.01
2025-06-27,Delhi,114,152.6,204.88,36.61,20.48,37.19,0.79
2025-06-28,Delhi,107,148.45,167.14,36.8,20.82,50.17,1.06
2025-06-29,Delhi,101,131.1,187.67,36.0,16.86,60.25,1.14
2025-01-01,Mumbai,56,67.33,116.93,22.99,12.08,62.64,0.75
2025-01-02,Mumbai,53,71.84,86.85,20.06,10.73,57.9,0.98
2025-01-03,Mumbai,60,79.2,115.04,17.66,13.98,37.14,1.05
2025-01-04,Mumbai,78,114.35,112.14,20.24,9.09,48.56,1.34
2025-01-05,Mumbai,50,50.82,142.67,15.3,9.27,46.57,1.15
2025-01-06,Mumbai,54,60.03,121.24,29.1,7.07,51.52,0.83
2025-01-07,Mumbai,66,90.39,112.38,18.43,10.78,64.43,0.95
2025-01-08,Mumbai,64,94.8,86.13,17.17,10.74,61.87,1.09
2025-01-09,Mumbai,60,79.3,111.99,16.0,11.01,57.06,0.89
2025-01-10,Mumbai,60,76.95,117.32,19.25,9.67,66.8,0.94
2025-01-11,Mumbai,59,78.62,99.05,23.98,9.44,44.81,1.33
2025-01-12,Mumbai,70,105.29,99.99,13.53,11.82,44.52,1.2
2025-01-13,Mumbai,50,54.45,129.85,16.16,11.26,50.11,0.76
2025-01-14,Mumbai,62,77.89,125.73,21.42,10.97,65.81,0.61
2025-01-15,Mumbai,75,108.26,114.09,17.4,7.14,48.49,1.23
2025-01-16,Mumbai,65,82.09,142.22,15.2,9.78,39.98,1.09
2025-01-17,Mumbai,66,97.3,103.58,10.58,10.2,53.49,1.1
2025-01-18,Mumbai,70,102.54,90.58,23.72,12.19,35.77,1.08
2025-01-19,Mumbai,59,76.44,110.37,22.39,8.83,44.59,1.01
2025-01-20,Mumbai,52,67.69,90.28,23.72,7.5,55.33,1.12
2025-01-21,Mumbai,49,58.11,98.45,25.78,7.84,46.28,1.12
2025-01-22,Mumbai,68,95.75,106.97,18.61,12.64,63.91,1.24
2025-01-23,Mumbai,61,85.28,95.83,17.68,10.85,53.35,1.35
2025-01-24,Mumbai,64,93.76,81.94,25.21,7.8,46.93,1.06
2025-01-25,Mumbai,88,113.94,174.2,23.43,9.43,54.28,1.22
2025-01-26,Mumbai,66,79.19,147.9,21.92,10.8,55.33,1.11
2025-01-27,Mumbai,67,96.58,99.65,18.77,7.6,53.52,1.19
2025-01-28,Mumbai,71,90.87,145.49,20.98,11.14,41.27,0.9
2025-01-29,Mumbai,71,94.43,128.98,19.82,9.66,37.86,0.91
2025-01-30,Mumbai,72,97.36,123.5,23.0,9.9,50.06,0.83
2025-01-31,Mumbai,70,94.48,120.42,22.97,8.75,32.77,1.27
2025-02-01,Mumbai,57,76.82,94.74,23.77,9.02,58.48,1.15
2025-02-02,Mumbai,65,94.25,84.68,25.85,10.32,47.05,1.04
2025-02-03,Mumbai,50,57.36,120.17,16.88,7.09,37.82,1.28
2025-02-04,Mumbai,62,74.56,142.67,18.86,6.39,41.07,1.31
2025-02-05,Mumbai,60,81.66,101.03,21.64,10.8,58.94,1.36
2025-02-06,Mumbai,56,78.6,85.48,19.35,10.32,42.29,0.76
2025-02-07,Mumbai,65,89.16,111.03,21.13,8.28,48.16,0.77
2025-02-08,Mumbai,71,97.35,132.7,13.62,7.94,38.03,0.84
2025-02-09,Mumbai,57,82.75,83.01,17.31,7.79,51.66,1.02
2025-02-10,Mumbai,58,73.17,115.54,18.81,9.26,63.39,1.34
2025-02-11,Mumbai,56,64.51,128.59,24.25,7.5,56.55,1.38
2025-02-12,Mumbai,53,67.16,93.65,25.07,10.34,54.41,1.09
2025-02-13,Mumbai,63,89.86,85.47,25.19,12.14,48.16,0.99
2025-02-14,Mumbai,54,61.03,122.29,23.29,9.68,58.99,0.92
2025-02-15,Mumbai,64,92.47,91.61,20.91,9.45,51.8,0.91
2025-02-16,Mumbai,64,82.03,128.52,19.25,6.59,64.0,1.35
2025-02-17,Mumbai,55,64.62,125.79,18.99,10.33,52.35,0.94
2025-02-18,Mumbai,54,72.24,98.19,17.34,8.14,49.46,0.82
2025-02-19,Mumbai,72,94.23,141.74,18.68,10.28,54.0,1.12
2025-02-20,Mumbai,66,85.14,126.85,22.93,7.32,56.95,1.22
2025-02-21,Mumbai,58,72.55,112.76,23.73,9.38,58.58,1.59
2025-02-22,Mumbai,53,72.21,84.38,22.22,11.24,48.15,1.36
2025-02-23,Mumbai,55,63.92,125.86,18.58,13.24,65.94,0.81
2025-02-24,Mumbai,61,75.76,129.19,19.45,9.71,50.2,0.52
2025-02-25,Mumbai,60,83.79,98.21,19.03,12.69,39.95,1.2
2025-02-26,Mumbai,61,79.82,106.4,24.16,10.48,54.56,1.24
2025-02-27,Mumbai,58,79.03,99.76,16.66,8.15,73.59,1.31
2025-02-28,Mumbai,49,63.73,85.55,22.93,10.89,54.39,0.94
2025-03-01,Mumbai,63,82.12,118.56,21.34,5.36,48.16,0.79
2025-03-02,Mumbai,74,86.63,171.71,22.47,9.17,57.37,1.12
2025-03-03,Mumbai,70,90.3,124.14,29.23,7.54,53.79,0.77
2025-03-04,Mumbai,64,92.33,93.63,19.33,9.21,57.81,1.23
2025-03-05,Mumbai,53,65.31,113.1,18.16,7.28,48.26,0.92
2025-03-06,Mumbai,81,120.4,120.66,15.49,8.67,58.17,1.52
2025-03-07,Mumbai,47,60.21,74.4,28.48,10.58,43.05,1.13
2025-03-08,Mumbai,44,44.46,112.07,22.31,11.65,41.89,1.02
2025-03-09,Mumbai,56,70.12,117.11,17.42,8.98,42.03,1.16
2025-03-10,Mumbai,69,96.88,107.31,21.15,6.9,47.6,0.99
2025-03-11,Mumbai,80,123.31,89.76,26.86,11.79,52.25,1.44
2025-03-12,Mumbai,67,89.58,119.78,20.79,12.25,58.77,0.84
2025-03-13,Mumbai,52,64.21,107.94,17.8,9.67,59.9,0.89
2025-03-14,Mumbai,64,83.36,113.16,24.39,5.31,45.15,1.05
2025-03-15,Mumbai,69,102.0,102.16,13.49,11.04,44.92,0.7
2025-03-16,Mumbai,57,74.63,108.31,18.58,5.39,57.18,1.32
2025-03-17,Mumbai,64,93.77,89.25,20.19,9.79,54.79,1.17
2025-03-18,Mumbai,58,72.99,113.64,22.83,12.71,55.64,1.2
2025-03-19,Mumbai,68,85.26,140.21,22.64,8.08,61.23,1.17
2025-03-20,Mumbai,58,77.35,102.41,22.19,10.73,51.58,1.08
2025-03-21,Mumbai,79,109.5,133.43,21.76,11.68,41.74,1.1
2025-03-22,Mumbai,75,111.14,107.64,17.61,8.5,41.28,0.8
2025-03-23,Mumbai,56,78.44,83.89,21.06,11.6,42.74,1.38
2025-03-24,Mumbai,69,91.66,132.61,18.37,11.51,41.26,1.22
2025-03-25,Mumbai,65,86.58,123.07,16.3,8.01,54.78,0.76
2025-03-26,Mumbai,63,90.95,84.66,24.39,7.33,54.42,1.16
2025-03-27,Mumbai,60,73.55,123.64,22.04,8.72,41.93,0.51
2025-03-28,Mumbai,61,89.24,80.7,21.38,9.27,55.43,0.92
2025-03-29,Mumbai,63,79.06,126.64,22.34,10.43,53.75,0.62
2025-03-30,Mumbai,70,95.35,124.25,16.93,9.31,49.69,0.97
2025-03-31,Mumbai,71,89.01,140.63,25.33,7.18,54.98,1.33
2025-04-01,Mumbai,71,89.8,133.82,29.05,11.85,51.99,1.26
2025-04-02,Mumbai,64,86.17,112.48,19.59,12.93,43.45,1.38
2025-04-03,Mumbai,63,91.5,84.01,22.47,5.6,55.0,1.22
2025-04-04,Mumbai,60,75.11,114.47,28.82,8.79,41.53,1.37
2025-04-05,Mumbai,79,113.44,112.07,25.05,12.48,44.06,0.88
2025-04-06,Mumbai,78,102.46,145.7,23.25,8.04,65.9,0.87
2025-04-07,Mumbai,63,78.97,118.85,27.22,11.51,53.32,1.12
2025-04-08,Mumbai,63,84.65,123.16,10.88,9.21,51.93,0.71
2025-04-09,Mumbai,67,89.79,107.91,28.02,12.95,46.27,0.96
2025-04-10,Mumbai,61,82.89,102.97,21.78,8.28,40.96,1.16
2025-04-11,Mumbai,66,93.44,95.91,24.58,8.54,52.03,1.21
2025-04-12,Mumbai,64,83.5,121.09,18.93,9.41,48.35,0.81
2025-04-13,Mumbai,57,81.35,81.03,19.04,9.23,47.95,0.94
2025-04-14,Mumbai,65,83.07,121.59,24.5,8.5,40.37,0.74
2025-04-15,Mumbai,58,76.69,104.96,17.92,7.21,46.35,1.05
2025-04-16,Mumbai,65,92.93,100.85,19.35,7.95,49.75,0.79
2025-04-17,Mumbai,62,92.6,76.28,19.56,10.4,51.47,1.67
2025-04-18,Mumbai,63,89.25,91.92,20.62,6.25,49.36,0.79
2025-04-19,Mumbai,68,97.73,101.01,20.53,8.53,63.91,0.92
2025-04-20,Mumbai,80,111.49,128.28,22.93,10.54,53.15,0.52
2025-04-21,Mumbai,63,79.82,128.9,20.8,6.99,49.58,1.43
2025-04-22,Mumbai,73,102.7,110.76,24.81,9.07,36.37,0.77
2025-04-23,Mumbai,74,107.44,106.52,20.03,9.2,65.23,1.41
2025-04-24,Mumbai,79,117.28,108.82,22.18,6.77,61.82,0.71
2025-04-25,Mumbai,61,87.25,90.05,18.64,8.13,45.14,0.87
2025-04-26,Mumbai,61,75.78,128.67,16.58,10.24,59.74,0.87
2025-04-27,Mumbai,58,73.23,107.39,25.72,10.19,45.75,1.12
2025-04-28,Mumbai,57,67.47,125.63,22.63,9.18,43.29,0.78
2025-04-29,Mumbai,70,92.02,136.58,18.45,10.72,33.3,0.85
2025-04-30,Mumbai,59,83.53,93.81,17.25,8.46,52.34,0.95
2025-05-01,Mumbai,39,50.43,69.59,18.57,10.72,28.02,0.88
2025-05-02,Mumbai,63,76.11,139.77,19.46,10.57,51.13,0.47
2025-05-03,Mumbai,70,95.52,116.31,23.03,17.65,33.33,1.43
2025-05-04,Mumbai,62,79.69,117.75,20.82,8.95,45.44,1.08
2025-05-05,Mumbai,54,61.24,127.01,19.34,7.54,46.4,1.31
2025-05-06,Mumbai,59,75.97,119.17,18.08,11.32,55.48,1.46
2025-05-07,Mumbai,64,81.37,125.37,21.39,12.39,44.25,1.19
2025-05-08,Mumbai,61,81.08,110.72,21.37,10.3,49.07,1.05
2025-05-09,Mumbai,78,107.67,131.71,24.48,8.89,42.89,1.24
2025-05-10,Mumbai,74,97.14,141.45,18.58,9.34,36.88,0.9
2025-05-11,Mumbai,70,98.95,102.67,23.56,9.42,52.59,0.71
2025-05-12,Mumbai,55,85.28,52.18,20.25,6.54,59.65,1.19
2025-05-13,Mumbai,70,91.0,142.42,17.2,13.29,57.46,0.94
2025-05-14,Mumbai,68,101.03,89.87,17.7,8.58,45.77,0.74
2025-05-15,Mumbai,72,102.35,106.82,22.41,8.66,35.44,1.07
2025-05-16,Mumbai,47,55.32,110.63,15.53,13.77,57.29,1.03
2025-05-17,Mumbai,70,102.96,95.07,23.17,10.2,52.11,1.32
2025-05-18,Mumbai,68,94.99,117.77,14.38,7.88,49.02,1.02
2025-05-19,Mumbai,63,67.05,160.23,27.07,11.0,50.58,0.95
2025-05-20,Mumbai,56,69.72,113.55,22.03,7.32,52.67,0.96
2025-05-21,Mumbai,46,55.38,94.79,19.35,13.58,54.45,0.67
2025-05-22,Mumbai,63,91.29,81.05,25.33,8.86,49.25,1.33
2025-05-23,Mumbai,49,64.69,84.06,18.67,11.88,37.85,0.29
2025-05-24,Mumbai,62,77.23,123.03,25.8,8.87,46.71,1.29
2025-05-25,Mumbai,48,55.95,104.23,21.76,10.7,45.92,1.01
2025-05-26,Mumbai,43,46.68,98.84,22.81,7.84,50.47,1.11
2025-05-27,Mumbai,60,78.86,115.41,17.15,9.39,54.88,1.04
2025-05-28,Mumbai,60,75.2,116.48,23.86,5.7,59.27,0.92
2025-05-29,Mumbai,69,90.38,135.94,15.51,8.38,47.69,0.8
2025-05-30,Mumbai,73,110.02,94.86,18.78,10.21,40.38,0.9
2025-05-31,Mumbai,64,88.76,105.34,20.63,8.74,37.88,1.08
2025-06-01,Mumbai,76,110.32,112.37,21.9,11.19,39.85,1.43
2025-06-02,Mumbai,69,87.03,144.64,18.07,13.44,56.2,1.14
2025-06-03,Mumbai,65,87.51,107.03,25.8,10.08,34.26,0.72
2025-06-04,Mumbai,62,81.21,118.2,20.77,12.24,34.39,1.04
2025-06-05,Mumbai,52,56.73,127.19,20.62,10.64,43.09,1.32
2025-06-06,Mumbai,72,99.63,123.67,20.48,10.96,44.34,1.21
2025-06-07,Mumbai,78,108.74,133.41,18.08,10.52,39.65,1.14
2025-06-08,Mumbai,60,90.76,74.6,16.35,9.23,47.59,0.7
2025-06-09,Mumbai,67,89.83,117.03,20.22,8.29,58.39,1.41
2025-06-10,Mumbai,58,76.75,99.76,22.96,9.08,48.88,1.18
2025-06-11,Mumbai,53,55.36,138.37,21.29,8.98,49.29,0.99
2025-06-12,Mumbai,55,58.03,141.9,21.17,10.69,57.61,0.74
2025-06-13,Mumbai,66,91.1,106.65,24.39,5.55,49.21,0.85
2025-06-14,Mumbai,67,90.48,121.4,18.17,8.38,49.11,0.78
2025-06-15,Mumbai,66,96.63,104.62,9.37,9.05,41.69,0.59
2025-06-16,Mumbai,55,65.44,114.19,26.31,10.43,45.15,1.11
2025-06-17,Mumbai,57,77.11,98.11,16.38,6.3,46.88,1.04
2025-06-18,Mumbai,60,82.55,103.68,17.22,11.02,39.46,1.19
2025-06-19,Mumbai,52,68.97,96.95,15.13,8.8,57.8,1.13
2025-06-20,Mumbai,71,98.68,122.44,16.59,9.14,43.76,1.33
2025-06-21,Mumbai,57,66.05,129.87,24.57,13.46,46.72,1.18
2025-06-22,Mumbai,77,118.22,99.65,14.86,6.04,55.7,0.53
2025-06-23,Mumbai,62,78.42,120.75,21.74,10.65,51.78,1.32
2025-06-24,Mumbai,53,69.72,98.46,17.91,11.46,57.2,1.11
2025-06-25,Mumbai,70,101.75,88.44,27.67,12.85,55.88,1.45
2025-06-26,Mumbai,48,59.15,101.51,18.06,11.24,41.6,1.19
2025-06-27,Mumbai,76,104.56,125.9,22.14,7.82,43.23,1.31
2025-06-28,Mumbai,68,95.69,111.22,19.33,5.75,41.43,1.48
2025-06-29,Mumbai,55,64.79,115.79,25.03,7.29,51.48,1.23
2025-01-01,Chennai,52,60.19,137.37,8.33,9.12,48.62,1.19
2025-01-02,Chennai,46,66.62,65.34,15.92,3.28,54.83,1.07
2025-01-03,Chennai,53,69.58,101.16,16.47,7.3,42.95,0.82
2025-01-04,Chennai,58,77.8,108.73,14.05,7.09,42.76,1.29
2025-01-05,Chennai,55,69.98,118.82,11.49,6.24,51.85,1.16
2025-01-06,Chennai,41,56.76,62.54,18.53,8.44,42.67,1.34
2025-01-07,Chennai,54,77.55,82.69,15.32,8.11,43.11,1.01
2025-01-08,Chennai,30,27.71,97.53,8.75,10.01,47.36,0.95
2025-01-09,Chennai,41,50.58,74.24,20.67,2.02,60.22,1.08
2025-01-10,Chennai,34,41.89,58.49,21.71,5.11,40.77,1.28
2025-01-11,Chennai,45,65.08,61.24,15.87,4.95,58.81,1.27
2025-01-12,Chennai,51,67.98,87.23,22.04,7.0,40.55,1.11
2025-01-13,Chennai,57,91.29,59.7,13.55,7.83,49.57,0.75
2025-01-14,Chennai,61,76.83,126.4,15.78,5.19,37.61,1.06
2025-01-15,Chennai,55,76.56,89.5,14.99,5.82,41.26,1.21
2025-01-16,Chennai,48,73.71,49.09,21.36,8.15,61.2,0.66
2025-01-17,Chennai,35,39.51,77.02,17.01,10.59,55.65,0.94
2025-01-18,Chennai,40,44.6,104.6,11.14,10.26,47.72,1.4
2025-01-19,Chennai,49,70.18,77.26,12.92,6.32,53.43,1.02
2025-01-20,Chennai,40,51.09,76.69,15.31,2.74,53.67,0.76
2025-01-21,Chennai,30,42.7,46.25,7.82,4.29,44.33,1.49
2025-01-22,Chennai,42,52.11,83.56,16.6,7.26,49.38,0.7
2025-01-23,Chennai,60,81.76,116.14,8.27,4.95,47.76,0.76
2025-01-24,Chennai,48,67.59,65.43,23.66,9.38,51.7,1.26
2025-01-25,Chennai,51,76.59,68.72,11.74,7.16,56.89,1.03
2025-01-26,Chennai,31,36.35,63.94,14.7,6.85,65.78,0.65
2025-01-27,Chennai,55,67.58,109.78,24.09,6.19,53.93,1.14
2025-01-28,Chennai,47,62.93,78.02,16.74,1.94,55.46,1.03
2025-01-29,Chennai,49,56.66,120.94,12.3,6.19,65.93,0.79
2025-01-30,Chennai,41,51.75,77.06,18.36,7.42,39.66,0.87
2025-01-31,Chennai,41,50.89,78.46,16.7,7.84,35.79,1.27
2025-02-01,Chennai,51,63.79,107.69,16.78,9.2,53.73,1.34
2025-02-02,Chennai,50,67.83,78.04,24.09,8.78,54.59,0.68
2025-02-03,Chennai,36,40.68,85.85,15.58,5.77,51.13,1.4
2025-02-04,Chennai,47,70.43,57.18,14.55,5.39,46.9,0.9
2025-02-05,Chennai,38,52.84,54.9,14.49,5.88,26.56,1.51
2025-02-06,Chennai,52,76.33,72.47,15.08,4.66,63.57,1.47
2025-02-07,Chennai,49,62.35,100.47,15.7,4.33,46.71,1.03
2025-02-08,Chennai,41,53.18,75.63,14.63,6.84,50.42,0.73
2025-02-09,Chennai,37,49.24,54.31,18.91,2.79,59.23,1.35
2025-02-10,Chennai,35,55.47,27.94,13.55,6.87,41.92,0.87
2025-02-11,Chennai,58,82.95,93.3,11.3,3.8,47.38,0.95
2025-02-12,Chennai,48,67.44,69.29,17.05,10.87,56.52,0.99
2025-02-13,Chennai,44,57.25,72.87,19.72,5.75,50.36,1.01
2025-02-14,Chennai,37,52.47,52.55,16.29,6.88,54.0,0.87
2025-02-15,Chennai,53,78.31,62.46,21.85,3.5,53.48,1.12
2025-02-16,Chennai,41,48.07,88.49,20.12,2.57,54.02,0.38
2025-02-17,Chennai,42,45.52,112.58,12.67,4.65,48.42,1.52
2025-02-18,Chennai,29,32.52,58.97,20.99,10.72,49.17,0.69
2025-02-19,Chennai,66,91.44,111.89,17.72,5.38,49.61,0.96
2025-02-20,Chennai,53,64.96,109.02,18.52,4.85,61.01,1.08
2025-02-21,Chennai,54,70.31,109.33,10.55,6.93,45.75,0.61
2025-02-22,Chennai,54,65.2,130.23,7.64,6.94,55.12,1.03
2025-02-23,Chennai,40,58.3,54.02,15.93,5.49,32.48,1.3
2025-02-24,Chennai,53,74.38,81.03,15.92,9.15,51.79,1.23
2025-02-25,Chennai,47,55.54,106.24,16.28,7.39,39.84,1.07
2025-02-26,Chennai,36,47.52,67.23,11.74,4.87,67.0,1.33
2025-02-27,Chennai,56,88.81,55.54,15.29,4.41,44.43,0.77
2025-02-28,Chennai,54,78.59,72.08,19.27,8.21,68.43,0.63
2025-03-01,Chennai,57,78.89,102.93,11.11,9.01,52.69,0.94
2025-03-02,Chennai,38,47.64,65.62,23.2,7.0,56.26,0.8
2025-03-03,Chennai,41,48.3,101.64,9.6,6.17,50.27,1.03
2025-03-04,Chennai,45,57.31,87.92,17.77,8.47,42.11,0.93
2025-03-05,Chennai,56,77.92,97.89,9.51,7.7,34.17,1.01
2025-03-06,Chennai,56,88.47,61.04,11.66,8.53,37.66,0.84
2025-03-07,Chennai,47,68.95,67.31,14.06,8.49,53.37,1.07
2025-03-08,Chennai,43,54.91,87.4,14.51,7.92,46.02,0.95
2025-03-09,Chennai,37,45.15,79.3,11.76,4.77,52.07,1.05
2025-03-10,Chennai,50,71.74,71.38,16.63,8.1,53.56,0.79
2025-03-11,Chennai,47,62.24,87.28,15.03,2.83,51.28,1.55
2025-03-12,Chennai,40,54.6,65.44,16.49,7.62,59.54,0.69
2025-03-13,Chennai,52,70.97,91.81,14.43,7.68,58.24,1.22
2025-03-14,Chennai,39,42.85,96.4,14.74,7.15,50.59,0.96
2025-03-15,Chennai,53,77.88,78.33,10.52,6.21,51.43,1.31
2025-03-16,Chennai,49,69.05,62.99,24.94,7.53,60.2,0.96
2025-03-17,Chennai,52,68.0,96.79,19.87,9.11,56.98,0.92
2025-03-18,Chennai,42,51.42,86.65,18.73,6.55,58.52,1.36
2025-03-19,Chennai,36,46.26,63.26,14.44,7.62,45.8,1.34
2025-03-20,Chennai,47,66.36,80.79,9.26,4.37,52.25,0.47
2025-03-21,Chennai,55,75.19,76.84,27.97,11.62,48.55,0.97
2025-03-22,Chennai,56,74.93,114.06,8.45,3.43,45.02,1.15
2025-03-23,Chennai,51,67.45,101.4,10.2,2.37,56.86,0.79
2025-03-24,Chennai,31,29.72,82.9,18.17,6.76,46.34,0.96
2025-03-25,Chennai,38,54.44,53.04,12.14,8.04,52.57,1.04
2025-03-26,Chennai,35,45.07,76.37,6.29,7.36,61.43,0.63
2025-03-27,Chennai,43,51.21,86.58,20.01,6.1,44.46,0.51
2025-03-28,Chennai,52,61.55,120.84,16.11,6.96,52.58,1.0
2025-03-29,Chennai,42,47.8,96.47,15.9,7.04,42.2,1.33
2025-03-30,Chennai,49,69.97,68.94,19.01,6.0,43.74,0.81
2025-03-31,Chennai,32,33.43,89.43,7.68,4.54,33.4,0.98
2025-04-01,Chennai,42,57.75,73.47,10.83,4.66,53.71,0.86
2025-04-02,Chennai,45,64.75,62.3,15.72,9.61,54.69,0.9
2025-04-03,Chennai,46,63.86,75.19,15.03,6.35,48.69,1.05
2025-04-04,Chennai,33,45.1,59.68,9.45,3.8,40.26,1.04
2025-04-05,Chennai,40,46.61,90.27,15.14,3.06,55.24,1.2
2025-04-06,Chennai,38,45.09,88.4,11.57,7.2,39.88,0.55
2025-04-07,Chennai,41,54.26,77.53,13.41,4.63,46.8,1.07
2025-04-08,Chennai,45,59.33,83.65,12.32,9.34,40.59,1.12
2025-04-09,Chennai,55,77.73,89.62,14.19,5.94,58.29,0.64
2025-04-10,Chennai,38,45.45,72.05,19.95,7.76,42.26,0.92
2025-04-11,Chennai,39,50.79,65.8,18.92,4.26,62.87,1.21
2025-04-12,Chennai,52,76.36,70.74,14.4,4.13,45.8,1.12
2025-04-13,Chennai,51,79.44,57.86,13.54,6.7,38.83,1.15
2025-04-14,Chennai,39,49.14,76.09,13.19,5.42,49.94,0.95
2025-04-15,Chennai,40,54.42,65.43,16.28,10.31,51.12,1.25
2025-04-16,Chennai,34,39.15,83.16,10.61,4.05,44.09,1.3
2025-04-17,Chennai,52,74.25,84.86,8.87,6.61,52.41,1.04
2025-04-18,Chennai,28,32.34,62.19,14.74,8.07,32.43,0.96
2025-04-19,Chennai,49,62.15,96.99,17.77,8.17,43.6,0.52
2025-04-20,Chennai,46,54.1,100.03,20.57,8.42,53.43,1.09
2025-04-21,Chennai,42,51.66,77.4,21.68,5.11,62.92,0.92
2025-04-22,Chennai,51,79.88,51.86,17.34,5.53,38.68,1.05
2025-04-23,Chennai,49,75.14,63.1,9.0,6.82,49.3,1.14
2025-04-24,Chennai,53,74.24,78.81,22.42,7.45,47.23,0.6
2025-04-25,Chennai,43,56.06,73.27,18.84,7.92,40.57,1.04
2025-04-26,Chennai,55,70.07,110.56,18.55,8.52,50.48,1.1
2025-04-27,Chennai,50,78.74,53.34,13.6,5.45,53.03,1.31
2025-04-28,Chennai,33,51.05,32.19,13.35,8.83,54.3,1.11
2025-04-29,Chennai,39,55.8,54.42,17.06,5.33,67.47,1.14
2025-04-30,Chennai,39,51.29,67.77,14.63,6.52,58.93,1.05
2025-05-01,Chennai,45,49.03,117.81,15.2,8.54,45.13,1.09
2025-05-02,Chennai,43,64.67,42.21,23.06,9.58,46.82,0.72
2025-05-03,Chennai,48,65.21,81.73,16.42,7.38,54.05,1.36
2025-05-04,Chennai,47,68.52,59.01,20.45,10.28,75.22,0.72
2025-05-05,Chennai,41,63.64,38.36,17.21,5.9,65.39,0.81
2025-05-06,Chennai,29,34.66,70.57,7.1,8.5,33.48,1.01
2025-05-07,Chennai,30,28.83,73.59,21.57,7.72,43.09,0.99
2025-05-08,Chennai,45,60.27,89.45,9.53,8.19,28.36,0.84
2025-05-09,Chennai,43,52.68,92.67,15.09,4.19,42.12,1.05
2025-05-10,Chennai,42,58.81,68.42,13.08,8.39,45.86,0.98
2025-05-11,Chennai,56,92.55,51.53,7.59,8.57,44.57,0.92
2025-05-12,Chennai,40,48.28,74.8,21.39,8.6,56.9,0.65
2025-05-13,Chennai,27,42.73,23.22,11.76,8.91,54.14,0.94
2025-05-14,Chennai,43,59.67,66.22,15.82,8.53,37.07,1.07
2025-05-15,Chennai,51,73.99,71.7,17.8,12.63,49.17,1.1
2025-05-16,Chennai,40,48.93,83.63,16.84,7.39,41.84,1.05
2025-05-17,Chennai,58,81.93,88.97,18.85,6.53,56.0,1.07
2025-05-18,Chennai,38,45.74,86.37,11.03,5.73,51.51,1.07
2025-05-19,Chennai,40,42.16,101.08,17.29,5.59,37.7,0.96
2025-05-20,Chennai,42,53.31,82.26,13.55,2.99,46.89,0.92
2025-05-21,Chennai,49,69.5,66.04,21.71,3.18,60.49,0.94
2025-05-22,Chennai,53,72.89,81.6,19.56,6.23,41.21,1.36
2025-05-23,Chennai,46,58.3,84.43,19.94,4.94,54.76,0.85
2025-05-24,Chennai,43,58.02,81.45,9.0,5.44,60.81,1.22
2025-05-25,Chennai,45,59.06,84.86,13.82,9.71,48.4,1.06
2025-05-26,Chennai,53,77.19,64.45,21.24,3.94,63.04,0.91
2025-05-27,Chennai,37,56.36,42.2,13.18,4.92,45.14,0.97
2025-05-28,Chennai,53,74.37,84.15,16.23,4.81,42.95,1.45
2025-05-29,Chennai,44,48.97,113.12,14.03,7.0,58.56,1.32
2025-05-30,Chennai,43,58.34,72.24,14.78,7.68,57.13,1.0
2025-05-31,Chennai,55,69.28,112.77,16.53,7.62,37.85,0.34
2025-06-01,Chennai,47,65.83,78.1,12.94,7.49,49.52,1.28
2025-06-02,Chennai,44,61.29,65.06,18.96,6.57,54.21,0.88
2025-06-03,Chennai,40,50.25,81.68,15.05,7.96,47.85,0.54
2025-06-04,Chennai,44,53.51,95.88,13.81,6.51,57.89,0.82
2025-06-05,Chennai,33,36.86,76.79,13.06,5.07,48.6,1.12
2025-06-06,Chennai,47,59.86,86.14,22.25,6.31,52.23,0.87
2025-06-07,Chennai,37,47.3,68.3,13.08,7.72,68.79,0.82
2025-06-08,Chennai,42,53.75,78.74,16.58,7.53,60.27,0.39
2025-06-09,Chennai,26,24.2,70.08,19.39,3.87,25.94,1.14
2025-06-10,Chennai,43,63.65,58.2,11.06,5.06,50.88,0.84
2025-06-11,Chennai,39,67.41,22.91,11.57,4.75,47.95,0.87
2025-06-12,Chennai,45,71.97,42.81,15.18,8.12,64.85,0.88
2025-06-13,Chennai,40,64.87,43.92,5.43,8.69,49.96,1.29
2025-06-14,Chennai,38,39.4,90.4,22.48,7.84,52.21,1.0
2025-06-15,Chennai,37,36.44,107.11,12.56,8.01,37.5,0.71
2025-06-16,Chennai,56,81.53,73.05,20.81,6.84,35.26,1.22
2025-06-17,Chennai,43,51.15,93.97,15.1,3.91,51.31,1.55
2025-06-18,Chennai,49,67.39,78.85,19.3,7.42,51.68,0.73
2025-06-19,Chennai,49,63.51,100.71,11.66,9.85,49.27,0.78
2025-06-20,Chennai,52,74.96,74.26,18.04,6.42,49.52,1.12
2025-06-21,Chennai,40,64.36,40.09,10.52,8.86,48.94,0.87
2025-06-22,Chennai,30,39.62,58.41,6.91,6.8,45.21,0.76
2025-06-23,Chennai,47,58.98,87.28,23.37,3.98,59.28,1.24
2025-06-24,Chennai,39,48.31,84.06,13.17,7.37,62.07,1.15
2025-06-25,Chennai,46,67.63,71.39,9.06,6.58,59.65,0.62
2025-06-26,Chennai,37,44.17,82.53,11.06,5.41,46.61,0.66
2025-06-27,Chennai,39,45.39,94.07,9.77,3.8,44.96,1.18
2025-06-28,Chennai,42,57.05,70.71,15.18,3.51,53.96,1.1
2025-06-29,Chennai,44,53.86,100.12,10.49,9.26,51.24,0.92
